household_no,full_name,last_name,first_name,middle_name,name_extension,address,birth_place,birth_date,gender,civil_status,citizenship,occupation
69,"UN, KIM JONG",UN,KIM,JONG,,420 STREET,NORTH KOREA,4/20/2420,MALE,SINGLE,FILIPINO,DICTATOR
1,"DELA PEN II, FRANK MOULD",DELA PEN,FRANK,MOULD, II,7 B. PADILLA,SAN JUAN CITY,3/19/1997,MALE,SINGLE,FILIPINO,STUDENT
12,"YO SR., FUKEN MAMA",YO,FUKEN,MAMA, SR.,420 NO HOMO ST.,SAN JUAN CITY,3/28/1980,MALE,SINGLE,FOREIGNER,PROFESSIONAL PORNSTAR
420,"GO JR., BONG GAGO",GO,BONG,GAGO, JR.,12 B. PADILLA,THE CENTER OF THE EA,11/10/1960,MALE,SINGLE,FILIPINO,NANI
69,"DONALD III, TRUMP FUCKING",DONALD,TRUMP,FUCKING, III,"WHITE HOUSE, UNITED STATES",I DON'T KNOW,2/29/2020,FEMALE,WIDOWED,FOREIGNER,RETARDED PRESIDENT
98,"HOLO JR., JUMANJI VAN HELSING",HOLO,JUMANJI,VAN HELSING, JR.,420 NO SCOPE,YO MAMA,3/19/1998,MALE,SEPARATED,FILIPINO,TIRADOR NG BABAE
,,,,,,,,,,,,
