<?xml version="1.0" encoding="UTF-8" standalone="yes"?>
<w:fonts xmlns:r="http://schemas.openxmlformats.org/officeDocument/2006/relationships" xmlns:w="http://schemas.openxmlformats.org/wordprocessingml/2006/main">
	<w:font w:name="Symbol">
		<w:panose1 w:val="02000500000000000000"/>
		<w:charset w:val="02"/>
		<w:family w:val="auto"/>
		<w:pitch w:val="variable"/>
		<w:sig w:usb0="00000000" w:usb1="00000000" w:usb2="00010000" w:usb3="00000000" w:csb0="80000000" w:csb1="00000000"/>
	</w:font>
	<w:font w:name="Times New Roman">
		<w:panose1 w:val="02020603050405020304"/>
		<w:charset w:val="00"/>
		<w:family w:val="auto"/>
		<w:pitch w:val="variable"/>
		<w:sig w:usb0="00000003" w:usb1="00000000" w:usb2="00000000" w:usb3="00000000" w:csb0="00000001" w:csb1="00000000"/>
	</w:font>
	<w:font w:name="Courier New">
		<w:panose1 w:val="02070309020205020404"/>
		<w:charset w:val="00"/>
		<w:family w:val="auto"/>
		<w:pitch w:val="variable"/>
		<w:sig w:usb0="00000003" w:usb1="00000000" w:usb2="00000000" w:usb3="00000000" w:csb0="00000001" w:csb1="00000000"/>
	</w:font>
	<w:font w:name="Wingdings">
		<w:panose1 w:val="05020102010804080708"/>
		<w:charset w:val="02"/>
		<w:family w:val="auto"/>
		<w:pitch w:val="variable"/>
		<w:sig w:usb0="00000000" w:usb1="00000000" w:usb2="00010000" w:usb3="00000000" w:csb0="80000000" w:csb1="00000000"/>
	</w:font>
	<w:font w:name="Cambria">
		<w:panose1 w:val="02040503050406030204"/>
		<w:charset w:val="00"/>
		<w:family w:val="auto"/>
		<w:pitch w:val="variable"/>
		<w:sig w:usb0="00000003" w:usb1="00000000" w:usb2="00000000" w:usb3="00000000" w:csb0="00000001" w:csb1="00000000"/>
	</w:font>
	<w:font w:name="Calibri">
		<w:panose1 w:val="020F0502020204030204"/>
		<w:charset w:val="00"/>
		<w:family w:val="auto"/>
		<w:pitch w:val="variable"/>
		<w:sig w:usb0="00000003" w:usb1="00000000" w:usb2="00000000" w:usb3="00000000" w:csb0="00000001" w:csb1="00000000"/>
	</w:font>
	<w:font w:name="Arial">
		<w:panose1 w:val="020B0604020202020204"/>
		<w:charset w:val="00"/>
		<w:family w:val="auto"/>
		<w:pitch w:val="variable"/>
		<w:sig w:usb0="00000003" w:usb1="00000000" w:usb2="00000000" w:usb3="00000000" w:csb0="00000001" w:csb1="00000000"/>
	</w:font>
</w:fonts>
